,f1 score,precision,recall
related,0.7775499743721168,0.7775499743721168,0.7775499743721168
request,0.8869810353664788,0.8869810353664788,0.8869810353664788
offer,0.9941055868785238,0.9941055868785238,0.9941055868785238
aid_related,0.7621732444900051,0.7621732444900051,0.7621732444900051
medical_help,0.921066119938493,0.9210661199384931,0.9210661199384931
medical_products,0.9602767811378781,0.9602767811378781,0.9602767811378781
search_and_rescue,0.9728344438749359,0.9728344438749359,0.9728344438749359
security,0.978216299333675,0.978216299333675,0.978216299333675
military,0.9679651460789339,0.9679651460789339,0.9679651460789339
child_alone,1.0,1.0,1.0
water,0.955407483341876,0.955407483341876,0.955407483341876
food,0.9487442337262942,0.9487442337262942,0.9487442337262942
shelter,0.946181445412609,0.946181445412609,0.946181445412609
clothing,0.9866735007688365,0.9866735007688365,0.9866735007688365
money,0.9779600205023065,0.9779600205023065,0.9779600205023065
missing_people,0.986417221937468,0.986417221937468,0.986417221937468
refugees,0.9664274730907227,0.9664274730907227,0.9664274730907227
death,0.9628395694515633,0.9628395694515633,0.9628395694515633
other_aid,0.8692977960020504,0.8692977960020503,0.8692977960020503
infrastructure_related,0.9320861096873398,0.9320861096873398,0.9320861096873398
transport,0.9543823680164019,0.9543823680164019,0.9543823680164019
buildings,0.9597642234751409,0.9597642234751409,0.9597642234751409
electricity,0.9766786263454639,0.9766786263454639,0.9766786263454639
tools,0.9920553562275756,0.9920553562275756,0.9920553562275756
hospitals,0.9884674525884162,0.9884674525884162,0.9884674525884162
shops,0.9941055868785238,0.9941055868785238,0.9941055868785238
aid_centers,0.9859046642747309,0.9859046642747309,0.9859046642747309
other_infrastructure,0.9502819067145053,0.9502819067145054,0.9502819067145054
weather_related,0.876473603280369,0.876473603280369,0.876473603280369
floods,0.9474628395694515,0.9474628395694515,0.9474628395694515
storm,0.942337262942081,0.942337262942081,0.942337262942081
fire,0.9900051255766272,0.9900051255766273,0.9900051255766273
earthquake,0.9712967708867247,0.9712967708867247,0.9712967708867247
cold,0.9859046642747309,0.9859046642747309,0.9859046642747309
other_weather,0.9474628395694515,0.9474628395694515,0.9474628395694515
direct_report,0.8513582778062531,0.8513582778062532,0.8513582778062532
